artist,song,year
Jackie Brenston and His Delta Cats,Rocket 88,1951
The Chords,Sh-Boom,1954
Joan Weber,"Let Me Go, Lover!",1955
The Penguins,Earth Angel,1955
DeJohn Sisters,(My Baby Don't Love Me) No More,1955
Johnny Ace,Pledging My Love,1955
Priscilla Wright,The Man in The Raincoat,1955
Lillian Briggs,I Want You to Be My Baby,1955
The El Dorados,At My Front Door (Crazy Little Mamma),1955
Bonnie Lou,Daddy-O,1955
Steve Allen,Autumn Leaves,1955
Julie London,Cry Me A River,1955
Barry Gordon,Nuttin' for Christmas,1955
Joe Ward,Nuttin' for Christmas,1955
Kit Carson,Band of Gold,1956
The Turbans,When You Dance,1956
Bobby Scott,Chain Gang,1956
The Bonnie Sisters,Cry Baby,1956
The Teen Queens,Eddie My Love,1956
Carl Perkins,Blue-Suede Shoes,1956
Don Robertson,The Happy Whistler,1956
Cathy Carr,Ivory Tower,1956
The Rover Boys,Graduation Day,1956
The Cadets,Stranded in the Jungle,1956
Sanford Clark,The Fool,1956
Jane Powell,True Love,1956
Eddie Cooley & The Dimples,Priscilla,1956
The Highlights,City of Angels,1956
Sonny Knight,Confidential,1956
Joe Valino,Garden of Eden,1956
Sil Austin,Slow Walk,1956
Jerry Lewis,Rock-a-Bye Your Baby With a Dixie Melody,1956
Ivory Joe Hunter,Since I Met You Baby,1956
Mickey & Sylvia,Love Is Strange,1957
Kenneth Copeland,Pledge of Love,1957
Randy Starr,After School,1957
Dale Hawkins,Susie Q,1957
Russ Hamilton,Rainbow,1957
The Bobbettes,Mr. Lee,1957
Anthony Perkins,Moonlight Swim,1957
The Rays,Silhouettes B/W Daddy Cool,1957
Thurston Harris,Little Bitty Pretty One,1957
Bill Justis,Raunchy,1957
Margie Rayburn,I'm Available,1957
Ernie Freeman,Raunchy,1957
The Royal Teens,Short Shorts,1958
The Hollywood Flames,Buzz-Buzz-Buzz,1958
The Silhouettes,Get a Job,1958
The Champs,Tequila,1958
The Crescendos,Oh Julie,1958
The Monotones,The Book of Love,1958
Ronald & Ruby,Lollipop,1958
Laurie London,He's Got the Whole World in His Hands,1958
The Voxpoppers,Wishing For Your Love,1958
Ed Townsend,For Your Love,1958
The Pets,Cha-Hua-Hua,1958
Sheb Wooley,The Purple People Eater,1958
The Kalin Twins,When,1958
Gino & Gina,(It's Been a Long Long Time) Pretty Baby,1958
Jan & Arnie,Jennie Lee,1958
Jody Reynolds,Endless Sleep,1958
The Big Bopper,Chantilly Lace,1958
The Danleers,One Summer Night,1958
The Elegants,Little Star,1958
The Poni-Tails,Born Too Late,1958
The Jamies,"Summertime, Summertime",1958
Bobby Hendricks,Itchy Twitchy Feeling,1958
Bobby Day,Rockin' Robin,1958
The Teddy Bears,To Know Him is to Love Him,1958
Jesse Lee Turner,The Little Space Girl,1959
The Bell Notes,I've Had It,1959
Gene Allison,You Can Make It If You Try,1959
Frankie Ford,Sea Cruise,1959
The Mystics,Hushabye,1959
Dodie Stevens,Pink Shoe Laces,1959
Travis & Bob,Tell Him No,1959
The Impalas,Sorry (I Ran All the Way Home),1959
Wilbert Harrison,Kansas City,1959
The Fiestas,So Fine,1959
The Falcons,You're So Fine,1959
Jerry Keller,Here Comes Summer,1959
Phil Phillips,Sea of Love,1959
The Tempos,See You in September,1959
Santo & Johnny,Sleep Walk,1959
The Fireflies,You Were Mine,1959
Wink Martindale,The Deck of Cards,1959
The Islanders,Enchanted Sea,1959
The Rock-A-Teens,Woo-Hoo,1959
Hugo & Luigi,Just Come Home,1959
Larry Hall,Sandy,1960
Mark Dinning,Teen Angel,1960
Barrett Strong,Money (That's What I Want),1960
The Hollywood Argyles,Alley-Oop,1960
The Safaris,Image of a Girl,1960
Larry Verne,Mr. Custer,1960
Maurice Williams and the Zodiacs,Stay,1960
Jørgen Ingmann and his Guitar,Apache,1961
Ernie K-Doe,Mother-In-Law,1961
Shep & The Limelites,Daddy's Home,1961
The Edsels,Rama Lama Ding Dong,1961
Arthur Lyman,Yellow Bird,1961
Chris Kenner,"I Like It Like That, Part 1",1961
The Mar-Keys,Last Night,1961
Curtis Lee,Pretty Little Angel Eyes,1961
The Dreamlovers,When We Get Married,1961
The Jarmels,A Little Bit of Soap,1961
Barry Mann,"Who Put the Bomp (in the Bomp, Bomp, Bomp)",1961
The Tokens,The Lion Sleeps Tonight,1961
Bruce Channel,Hey! Baby,1962
Don & Juan,What's Your Name,1962
The Corsairs,Smoky Places,1962
Eddie Holland,Jamie,1962
Ketty Lester,Love Letters,1962
Mr. Acker Bilk,Stranger on the Shore,1962
Jimmy Smith,Walk on the Wild Side,1962
Joanie Sommers,Johnny Get Angry,1962
Bent Fabric,Alley Cat,1962
Frank Ifield,I Remember You,1962
The Contours,Do You Love Me,1962
Bobby Pickett,Monster Mash,1962
The Tornadoes,Telstar,1962
The Routers,Let's Go (Pony),1962
The Exciters,Tell Him,1963
The Cascades,Rhythm of the Rain,1963
Little Peggy March,I Will Follow Him,1963
The Chantays,Pipeline,1963
Jimmy Soul,If You Wanna Be Happy,1963
Kyu Sakamoto,Sukiyaki,1963
Rolf Harris,"Tie Me Kangaroo Down, Sport",1963
Doris Troy,Just One Look,1963
The Surfaris,Wipe Out,1963
Inez & Charlie Foxx,Mockingbird,1963
The Jaynetts,Sally Go 'Round the Roses,1963
The Singing Nun,Dominique,1963
The Caravelles,You Don't Have To Be A Baby To Cry,1963
The Murmaids,Popsicles and Icicles,1964
The Trashmen,Surfin' Bird,1964
Terry Stafford,Suspicion,1964
The Rivieras,California Sun,1964
The Pyramids,Penetration,1964
The Reflections,(Just Like) Romeo and Juliet,1964
Millie Small,My Boy Lollipop,1964
Astrud Gilberto,The Girl from Ipanema,1964
Cilla Black,You're My World,1964
Gale Garnett,We'll Sing in the Sunshine,1964
The Hondells,Little Honda,1964
J. Frank Wilson and the Cavaliers,Last Kiss,1964
The Nashville Teens,Tobacco Road,1964
The Honeycombs,Have I The Right?,1964
Lorne Greene,Ringo,1964
The Larks,The Jerk,1965
The Ad Libs,The Boy From New York City,1965
Jewel Akens,The Birds and the Bees,1965
Wayne Fontana & The Mindbenders,The Game of Love,1965
Cannibal & the Headhunters,Land of a Thousand Dances,1965
Glenn Yarbrough,Baby the Rain Must Fall,1965
Unit 4 + 2,Concrete and Clay,1965
Horst Jankowski,A Walk in the Black Forest,1965
The McCoys,Hang on Sloopy,1965
Barry McGuire,Eve of Destruction,1965
The Castaways,"Liar, Liar",1965
The Gentrys,Keep On Dancing,1965
Jonathan King,Everyone's Gone to the Moon,1965
The Knickerbockers,Lies,1966
Staff Sergeant Barry Sadler,Ballad of the Green Berets,1966
Bob Lind,Elusive Butterfly,1966
Bob Kuban and the In-Men,The Cheater,1966
Deon Jackson,Love Makes the World Go 'Round,1966
Robert Parker,Barefootin,1966
Bobby Hebb,Sunny,1966
The Capitols,Cool Jerk,1966
The Swingin' Medallions,Double Shot (Of My Baby's Love),1966
Syndicate of Sound,Little Girl,1966
The Standells,Dirty Water,1966
Crispian St. Peters,Pied Piper,1966
Napoleon XIV,"They're Coming to Take Me Away, Ha-Haaa!",1966
Los Bravos,Black Is Black,1966
The Count Five,Psychotic Reaction,1966
Walter Wanderley,Summer Samba (So Nice),1966
? and the Mysterians,96 Tears,1966
New Vaudeville Band,Winchester Cathedral,1966
J.J. Jackson,But It's Alright,1966
The Music Machine,Talk Talk,1967
Senator Everett McKinley Dirksen,Gallant Men,1967
Blues Magoos,(We Ain't Got) Nothin' Yet,1967
Keith,98.6,1967
The Seeds,Pushin' Too Hard,1967
The Casinos,Then You Can Tell Me Goodbye,1967
Buffalo Springfield,For What It's Worth,1967
The Easybeats,Friday On My Mind,1967
The Yellow Balloon,Yellow Balloon,1967
The Parade,Sunshine Girl,1967
Jon and Robin & the In-Crowd,Do It Again A Little Bit Slower,1967
Scott McKenzie,San Francisco (Be Sure to Wear Flowers in Your Hair),1967
The Music Explosion,Little Bit O' Soul,1967
Every Mother's Son,Come On Down to My Boat,1967
Bill Cosby,"Little Ole Man (Uptight, Everything's Alright)",1967
The Soul Survivors,Expressway to Your Heart,1967
The Hombres,Let It Out (Let It All Hang Out),1967
Robert Knight,Everlasting Love,1967
Miriam Makeba,Pata Pata,1967
Strawberry Alarm Clock,Incense and Peppermints,1967
John Fred,Judy in Disguise (With Glasses),1968
Stone Poneys,Different Drum,1968
The Sandpebbles,Love Power,1968
The American Breed,"Bend Me, Shape Me",1968
The Lemon Pipers,Green Tambourine,1968
Human Beinz,Nobody But Me,1968
Paul Mauriat,Love Is Blue,1968
Blue Cheer,Summertime Blues,1968
Richard Harris,MacArthur Park,1968
Friend & Lover,Reach Out Of The Darkness,1968
Merrilee Rush & The Turnabouts,Angel of The Morning,1968
Tiny Tim,Tip Toe Thru' The Tulips With Me,1968
Shorty Long,Here Comes The Judge,1968
Hugh Masekela,Grazing In The Grass,1968
Mason Williams,Classical Gas,1968
Status Quo,Pictures of Matchstick Men,1968
The Amboy Dukes,Journey To The Center of The Mind,1968
Vanilla Fudge,You Keep Me Hangin' On,1968
Jeannie C. Riley,Harper Valley P.T.A.,1968
The O'Kaysions,Girl Watcher,1968
The Crazy World of Arthur Brown,Fire,1968
Max Frost and the Troopers,Shape of Things to Come,1968
Iron Butterfly,In-A-Gadda-Da-Vida,1968
The Equals,"Baby, Come Back",1968
Kasenetz-Katz Singing Orchestral Circus,Quick Joey Small (Run Joey Run),1968
The Magic Lanterns,"Shame, Shame",1968
The Brooklyn Bridge,Worst That Could Happen,1969
Spirit,I Got a Line on You,1969
Bubble Puppy,Hot Smoke & Sasafrass,1969
Crazy Elephant,Gimme Gimme Good Lovin',1969
The Peppermint Rainbow,Will You Be Staying After Sunday,1969
The Neon Philharmonic,Morning Girl,1969
Spiral Starecase,More Today Than Yesterday,1969
Desmond Dekker & The Aces,Israelites,1969
Zager and Evans,In the Year 2525,1969
Joe Jeffrey Group,My Pledge of Love,1969
Roy Clark,Yesterday When I Was Young,1969
The Youngbloods,Get Together,1969
Motherlode,When I Die,1969
The Archies,"Sugar, Sugar",1969
The Clique,Sugar on Sunday,1969
The Cuff Links,Tracy,1969
Smith,Baby It's You,1969
Thunderclap Newman,Something in the Air,1969
Keith Barbour,Echo Park,1969
The Flying Machine,Smile A Little Smile For Me,1969
Steam,Na Na Hey Hey Kiss Him Goodbye,1969
Crow,Evil Woman Don't Play Your Games With Me,1970
Shocking Blue,Venus,1970
Jefferson,Baby Take Me in Your Arms,1970
Eddie Holman,Hey There Lonely Girl,1970
The Street People,Jennifer Tomkins,1970
Tee Set,Ma Belle Amie,1970
The Jaggerz,The Rapper,1970
Edison Lighthouse,Love Grows (Where My Rosemary Goes),1970
Frijid Pink,The House of the Rising Sun,1970
Norman Greenbaum,Spirit in the Sky,1970
Jack Blanchard & Misty Morgan,Tennessee Bird Walk,1970
Marmalade,Reflections of My Life,1970
The Ides of March,Vehicle,1970
White Plains,My Baby Loves Lovin',1970
Blues Image,Ride Captain Ride,1970
Mountain,Mississippi Queen,1970
Five Stairsteps,O-o-h Child,1970
The Pipkins,Gimme Dat Ding,1970
Miguel Ríos,A Song of Joy (Himno a la Alegria),1970
Crabby Appleton,Go Back,1970
Pacific Gas & Electric,Are You Ready?,1970
Alive N Kickin',"Tighter, Tighter",1970
Robin McNamara,Lay a Little Lovin' on Me,1970
The Assembled Multitude,Overture from Tommy (A Rock Opera),1970
Mungo Jerry,In the Summertime,1970
Hotlegs,Neanderthal Man,1970
Free,All Right Now,1970
Teegarden and Van Winkle,"God, Love and Rock & Roll",1970
R. Dean Taylor,Indiana Wants Me,1970
100 Proof (Aged in Soul),Somebody's Been Sleeping,1970
Bobby Bloom,Montego Bay,1970
Christie,Yellow River,1970
The Presidents,5-10-15-20 (25-30 Years of Love),1970
Redeye,Games,1971
Lynn Anderson,Rose Garden,1971
Jackie Moore,"Precious, Precious",1971
Liz Damon's Orient Express,1900 Yesterday,1971
Wadsworth Mansion,Sweet Mary,1971
Bloodrock,D.O.A.,1971
Sammi Smith,Help Me Make It Through the Night,1971
Brewer & Shipley,One Toke Over the Line,1971
The Bells,Stay Awhile,1971
The Buoys,Timothy,1971
Ocean,Put Your Hand in The Hand,1971
Daddy Dewdrop,Chick-A-Boom (Don't Ya Jes' Love It),1971
Richie Havens,Here Comes The Sun,1971
The Fuzz,I Love You for All Seasons,1971
Matthews Southern Comfort,Woodstock,1971
Tin Tin,Toast and Marmalade for Tea,1971
Paul Humphrey & the Cool-Aid Chemists,Cool Aid,1971
The Beginning of The End,Funky Nassau,1971
Chase,Get It On,1971
Sounds of Sunshine,Love Means (You Never Have to Say You're Sorry),1971
Cymarron,Rings,1971
Dave and Ansell Collins,Double Barrel,1971
Jean Knight,Mr. Big Stuff,1971
Tom Clay,"What The World Needs Now Is Love/Abraham, Martin and John",1971
Five Man Electrical Band,Signs,1971
The Undisputed Truth,Smiling Faces Sometimes,1971
The Glass Bottle,I Ain't Got Time Anymore,1971
Mac & Katie Kissoon,Chirpy Chirpy Cheep Cheep,1971
Lee Michaels,Do You Know What I Mean,1971
The Stampeders,Sweet City Woman,1971
Denise LaSalle,Trapped By a Thing Called Love,1971
The Free Movement,I've Found Someone of My Own,1971
Freddie Hart,Easy Loving,1971
Ten Years After,I'd Love to Change the World,1971
Coven,One Tin Soldier (The Legend of Billy Jack),1971
Freddie North,She's All I Got,1971
Les Crane,Desiderata,1971
Sweathog,Hallelujah,1971
Don McLean,American Pie,1972
Jonathan Edwards,Sunshine,1972
The Hillside Singers,I'd Like to Teach The World to Sing (In Perfect Harmony),1972
Think,Once You Understand,1972
Bullet,"White Lies, Blue Eyes",1972
Climax,Precious and Few,1972
Apollo 100,Joy,1972
T. Rex,Bang A Gong (Get It On),1972
The English Congregation,Softly Whispering I Love You,1972
The Chakachas,Jungle Fever,1972
J.J. Cale,Crazy Mama,1972
Malo,Suavecito,1972
Jo Jo Gunne,Run Run Run,1972
Commander Cody and His Lost Planet Airmen,Hot Rod Lincoln,1972
Royal Scots Dragoon Guards,Amazing Grace,1972
Frederick Knight,I've Been Lonely for So Long,1972
Gary Glitter,Rock and Roll (Part 2),1972
Mouth and MacNeal,How Do You Do?,1972
Godspell,Day by Day,1972
Derek & The Dominos,Layla,1972
Joey Heatherton,Gone,1972
Argent,Hold Your Head Up,1972
Sailcat,Motorcycle Mama,1972
Flash,Small Beginnings,1972
Looking Glass,Brandy (You're a Fine Girl),1972
Daniel Boone,Beautiful Sunday,1972
Uriah Heep,Easy Livin,1972
Hot Butter,Popcorn,1972
Arlo Guthrie,City of New Orleans,1972
"Emerson, Lake & Palmer",From the Beginning,1972
Danny O'Keefe,Good Time Charlie's Got the Blues,1972
Mott The Hoople,All The Young Dudes,1972
The Delegates,Convention '72,1972
Chi Coltrane,Thunder and Lightning,1972
Billy Paul,Me and Mrs. Jones,1972
Blue Haze,Smoke Gets in Your Eyes,1973
Edward Bear,Last Song,1973
Brighter Side of Darkness,Love Jones,1973
Timmy Thomas,Why Can't We Live Together,1973
Hurricane Smith,"Oh, Babe, What Would You Say?",1973
Eric Weissberg and Steve Mandell,Dueling Banjos,1973
King Harvest,Dancing in the Moonlight,1973
Deodato,Also Sprach Zarathustra ,2001
Loudon Wainwright III,Dead Skunk,1973
Vicki Lawrence,The Night the Lights Went Out in Georgia,1973
Lou Reed,"Walk on the Wild Side/""Perfect Day""",1973
Stealers Wheel,Stuck in the Middle with You,1973
Jud Strunk,Daisy a Day,1973
Skylark,Wildflower,1973
Focus,Hocus Pocus,1973
The Independents,Leaving Me,1973
Barbara Fairchild,The Teddy Bear Song,1973
Gunhill Road,Back When My Hair Was Short,1973
Clint Holmes,Playground in My Mind,1973
New York City,I'm Doin' Fine Now,1973
Dr. John,"Right Place, Wrong Time",1973
Fred Wesley & the JB's,Doing It to Death,1973
Foster Sylvers,Misdemeanor,1973
Manu Dibango,Soul Makossa,1973
Stories,Brother Louie,1973
B. W. Stevenson,My Maria,1973
Cross Country,In the Midnight Hour,1973
Ian Thomas,Painted Ladies,1974
Brownsville Station,Smokin' in the Boys Room,1974
Merle Haggard,If We Make It Through December,1974
Byron MacGregor,Americans,1974
Black Oak Arkansas,Jim Dandy,1974
Terry Jacks,Seasons in the Sun,1974
Tom T. Hall,I Love,1974
Wednesday,Last Kiss,1974
David Essex,Rock On,1974
Mocedades,Eres Tú (Touch the Wind),1974
Cliff DeYoung,My Sweet Lady,1974
Rick Derringer,"Rock and Roll, Hoochie Koo",1974
Blue Swede,Hooked on a Feeling,1974
Redbone,Come and Get Your Love,1974
Sister Janet Mead,The Lord's Prayer,1974
MFSB,TSOP (The Sound of Philadelphia),1974
Sami Jo,Tell Me a Lie,1974
Mike Oldfield,Tubular Bells,1974
Marvin Hamlisch,The Entertainer,1974
Maria Muldaur,Midnight at the Oasis,1974
William DeVaughn,Be Thankful For What You Got,1974
Dave Loggins,Please Come to Boston,1974
Paper Lace,The Night Chicago Died,1974
The Rubettes,Sugar Baby Love,1974
The First Class,Beach Baby,1974
Johnny Bristol,Hang on in There Baby,1974
George McCrae,Rock Your Baby,1974
"Souther, Hillman, Furay Band",Fallin' in Love,1974
Reunion,Life Is a Rock (But the Radio Rolled Me),1974
Billy Swan,I Can Help,1974
Jim Weatherly,The Need to Be,1974
Prelude,After the Gold Rush,1974
Carl Douglas,Kung Fu Fighting,1974
Shirley Brown,Woman to Woman,1974
Harry Chapin,Cat's in the Cradle,1974
Carol Douglas,Doctor's Orders,1975
Polly Brown,Up in a Puff of Smoke,1975
Sweet Sensation,Sad Sweet Dreamer,1975
Shirley & Company,"Shame, Shame, Shame",1975
Minnie Riperton,Loving You,1975
Phoebe Snow,Poetry Man,1975
Benny Bell,Shaving Cream,1975
Sammy Johns,Chevy Van,1975
Kraftwerk,Autobahn,1975
The Ozark Mountain Daredevils,Jackie Blue,1975
Ace,How Long,1975
Jessi Colter,I'm Not Lisa,1975
Major Harris,Love Won't Let Me Wait,1975
Pilot,Magic,1975
Van McCoy,The Hustle,1975
Gwen McCrae,Rockin' Chair,1975
Bazuka,Dynomite,1975
The Amazing Rhythm Aces,Third Rate Romance,1975
Johnny Wakelin & Kinshasa Band,Black Superman (Muhammad Ali),1975
Morris Albert,Feelings,1975
Pete Wingfield,Eighteen with a Bullet,1975
Jigsaw,Sky High,1975
Head East,Never Been Any Reason,1975
Leon Haywood,I Want'a Do Something Freaky to You,1975
5000 Volts,I'm on Fire,1975
C. W. McCall,Convoy,1976
The Road Apples,Let's Live Together,1976
Nazareth,Love Hurts,1976
Cledus Maggard & the Citizen's Band,The White Knight,1976
Larry Groce,Junk Food Junkie,1976
Roxy Music,Love is the Drug,1976
John Sebastian,Welcome Back,1976
Elvin Bishop,Fooled Around and Fell in Love,1976
Pratt & McClain,Happy Days,1976
Henry Gross,Shannon,1976
Brass Construction,Movin',1976
Cyndi Grecco,Making Our Dreams Come True,1976
Starland Vocal Band,Afternoon Delight,1976
Andrea True Connection,"More, More, More",1976
Thin Lizzy,The Boys Are Back In Town,1976
Keith Carradine,I'm Easy,1976
Vicki Sue Robinson,Turn the Beat Around,1976
Wild Cherry,Play That Funky Music,1976
Lady Flash,Street Singin',1976
Silver,Wham Bam,1976
Walter Murphy & The Big Apple Band,A Fifth of Beethoven,1976
Rick Dees and His Cast of Idiots,Disco Duck,1976
Norman Connors,You Are My Starship,1976
John Valenti,Anything You Want,1976
David Dundas,Jeans On,1977
Mary MacGregor,Torn Between Two Lovers,1977
Smokie,Living Next Door to Alice,1977
Silvetti,Spring Rain,1977
Cerrone,Love in C Minor,1977
David Soul,Don't Give Up on Us,1977
Thelma Houston,Don't Leave Me This Way,1977
William Bell,Tryin' to Love Two,1977
Stallion,Old Fashioned Boy (You're the One),1977
Starz,Cherry Baby,1977
Dean Friedman,Ariel,1977
Alan O'Day,Undercover Angel,1977
Hot,Angel in Your Arms,1977
Meri Wilson,Telephone Man,1977
Slave,Slide,1977
Ram Jam,Black Betty,1977
The Floaters,Float On,1977
Sanford-Townsend Band,Smoke from a Distant Fire,1977
Debby Boone,You Light Up My Life,1977
Ronnie McDowell,The King Is Gone,1977
Dave Mason,We Just Disagree,1977
Paul Nicholas,Heaven on the 7th Floor,1977
High Inergy,You Can't Turn Me Off (In the Middle of Turning Me On),1977
Randy Newman,Short People,1978
Santa Esmeralda,Don't Let Me Be Misunderstood,1978
Odyssey,Native New Yorker,1978
Samantha Sang,Emotion,1978
LeBlanc and Carr,Falling,1978
Stargard,Theme Song from 'Which Way Is Up',1978
Rubicon,I'm Gonna Take Care of Everything,1978
Warren Zevon,Werewolves of London,1978
Michael Zager Band,Let's All Chant,1978
Patti Smith Group,Because The Night,1978
Celebration ft. Mike Love,Almost Summer,1978
Eruption,I Can't Stand The Rain,1978
Toby Beau,My Angel Baby,1978
Steve Martin & The Toot Uncommons,King Tut,1978
Walter Egan,Magnet and Steel,1978
Chris Rea,Fool (If You Think It's Over),1978
Exile,Kiss You All Over,1978
John Paul Young,Love Is in the Air,1978
City Boy,5.7.0.5.,1978
Nick Gilder,Hot Child in the City,1978
Stonebolt,I Will Still Love You,1978
Lindisfarne,Run for Home,1978
Alicia Bridges,I Love the Nightlife,1978
Ace Frehley,New York Groove,1979
Chanson,Don't Hold Back,1979
Cheryl Lynn,Got to Be Real,1979
Iain Matthews,Shake It,1979
Nicolette Larson,Lotta Love,1979
Gloria Gaynor,I Will Survive,1979
Bobby Caldwell,What You Won't Do For Love,1979
Giorgio Moroder,Chase,1979
Amii Stewart,Knock on Wood,1979
Bell & James,Livin' It Up (Friday Night),1979
Rickie Lee Jones,Chuck E's in Love,1979
Frank Mills,Music Box Dancer,1979
Ironhorse,Sweet Lui-Louise,1979
Suzi Quatro & Chris Norman,Stumblin' In,1979
Tycoon,Such a Woman,1979
Randy VanWarmer,Just When I Needed You Most,1979
Roger Voudouris,Get Used to It,1979
New England,Don't Ever Wanna Lose Ya,1979
Rex Smith,You Take My Breath Away,1979
Anita Ward,Ring My Bell,1979
David Naughton,Makin' It,1979
McFadden & Whitehead,Ain't No Stoppin' Us Now,1979
Pink Lady,Kiss in the Dark,1979
The Jones Girls,You Gonna Make Me Love Somebody Else,1979
Spyro Gyra,Morning Dance,1979
Bram Tchaikovsky,Girl of My Dreams,1979
Herman Brood,Saturday Night,1979
The Knack,My Sharona,1979
Nick Lowe,Cruel to Be Kind,1979
Sniff 'n' the Tears,Driver's Seat,1979
Patrick Hernandez,Born to Be Alive,1979
Moon Martin,Rolene,1979
Ian Gomm,Hold On,1979
M,Pop Muzik,1979
The Crusaders,Street Life,1979
France Joli,Come To Me,1979
Lauren Wood,Please Don't Leave,1979
Niteflyte,If You Want It,1979
J. D. Souther,You're Only Lonely,1979
The Buggles,Video Killed the Radio Star,1979
Tom Johnston,Savannah Nights,1980
Sugarhill Gang,Rapper's Delight,1980
Steve Forbert,Romeo's Tune,1980
The Boomtown Rats,I Don't Like Mondays,1980
Utopia,Set Me Free,1980
Felix Cavaliere,Only a Lonely Heart Sees,1980
Charlie Dore,Pilot of the Airwaves,1980
Lipps Inc.,Funkytown,1980
Bernadette Peters,Gee Whiz,1980
Gary Numan,Cars,1980
Bruce Cockburn,Wondering Where the Lions Are,1980
Spider,New Romance (It's a Mystery),1980
Rodney Crowell,Ashes by Now,1980
Robbie Dupree,Steal Away,1980
Rick Pinette and Oak,King of the Hill,1980
Change,A Lover's Holiday,1980
Rocky Burnette,Tired of Toein' the Line,1980
S.O.S. Band,Take Your Time (Do It Right),1980
Fred Knoblock,Why Not Me,1980
Ali Thomson,Take a Little Rhythm,1980
Benny Mardones,Into the Night,1980
Johnny Lee,Lookin' for Love,1980
Larry Graham,One in a Million You,1980
Amy Holland,How Do I Survive,1980
Larsen-Feiten Band,Who'll Be the Fool Tonight,1980
Devo,Whip It,1980
Jimmy Hall,I'm Happy That Love Has Found You,1980
Nielsen/Pearson,If You Should Sail,1980
Roger Daltrey,Without Your Love,1980
The Vapors,Turning Japanese,1980
Don Williams,I Believe in You,1980
The Korgis,Everybody's Got to Learn Sometime,1980
Delbert McClinton,Giving It Up for Your Love,1981
Tierra,Together,1981
Donnie Iris,Ah! Leah!,1981
Phil Seymour,Precious to Me,1981
Yarbrough & Peoples,Don't Stop The Music,1981
Terri Gibbs,Somebody's Knockin',1981
"Grover Washington, Jr.",Just the Two of Us,1981
John O'Banion,Love You Like I Never Loved Before,1981
Get Wet,Just So Lonely,1981
Franke and the Knockouts,Sweetheart,1981
Jesse Winchester,Say What,1981
Lee Ritenour,Is It You,1981
Carole Bayer Sager,Stronger Than Before,1981
Roseanne Cash,Seven Year Ache,1981
Stanley Clarke & George Duke,Sweet Baby,1981
Joey Scarbury,Theme from The Greatest American Hero (Believe It or Not),1981
John Schneider,It's Now or Never,1981
Frankie Smith,Double Dutch Bus,1981
Jim Steinman,Rock and Roll Dreams Come Through,1981
Robbie Patton,Don't Give It Up,1981
Red Rider,Lunatic Fringe,1981
Point Blank,Nicole,1981
Silver Condor,You Could Take My Heart Away,1981
Balance,Breaking Away,1981
The Afternoon Delights,General Hospi-Tale,1981
Diesel,Sausalito Summernight,1981
Chris Christian,"I Want You, I Need You",1981
Chilliwack,"My Girl (Gone, Gone, Gone)",1981
The Plimsouls,A Million Miles Away,1982
Tommy Tutone,867-5309/Jenny,1982
Sneaker,More Than Just the Two of Us,1982
Quarterflash,Harden My Heart,1982
Eddie Schwartz,All Our Tomorrows,1982
Skyy,Call Me,1982
Prism,Don't Let Him Know,1982
Buckner and Garcia,Pac-Man Fever,1982
Bob and Doug McKenzie,Take Off,1982
Dr. Jeckyll & Mr. Hyde,Genius Rap,1982
Josie Cotton,Johnny Are You Queer?,1982
Bertie Higgins,Key Largo,1982
LeRoux,Nobody Said It Was Easy,1982
Junior,Mama Used to Say,1982
Tom Tom Club,Genius of Love,1982
Greg Guidry,Goin' Down,1982
Vangelis,Chariots of Fire,1982
Charlene,I've Never Been to Me,1982
Bow Wow Wow,I Want Candy,1982
Aldo Nova,Fantasy,1982
Chéri,Murphy's Law,1982
Rainbow,Stone Cold,1982
Patrice Rushen,Forget Me Nots,1982
Dazz Band,Let It Whip,1982
The Monroes,What Do All The People Know,1982
Soft Cell,Tainted Love,1982
Larry Elgart and His Manhattan Swing Orchestra,Hooked on Swing,1982
Eye to Eye,Nice Girls,1982
The Waitresses,I Know What Boys Like,1982
Karla Bonoff,Personally,1982
Haircut One Hundred,Love Plus One,1982
Leslie Pearl,If the Love Fits Wear It,1982
Jennifer Holliday,And I Am Telling You I'm Not Going,1982
Marshall Crenshaw,"Someday, Someway",1982
Frank Zappa,Valley Girl,1982
Tane Cain,Holdin' On,1982
A Flock of Seagulls,I Ran (So Far Away),1982
Sylvia,Nobody,1982
Donald Fagen,I.G.Y. (What a Beautiful World),1982
Toni Basil,Mickey,1982
The Weather Girls,It's Raining Men,1983
Modern English,I Melt with You,1983
Moving Pictures,What About Me,1983
Pia Zadora,Clapping Song,1983
Musical Youth,Pass The Dutchie,1983
Saga,On the Loose,1983
Vandenberg,Burning Heart,1983
Rodney Dangerfield,Rappin' Rodney,1983
Frida,I Know There's Something Going On,1983
Toto Coelo,I Eat Cannibals,1983
Michael Sembello,Maniac,1983
Dexys Midnight Runners,Come On Eileen,1983
OXO,Whirly Girl,1983
After the Fire,Der Kommissar,1983
Wall of Voodoo,Mexican Radio,1983
Gary Portnoy,Where Everybody Knows Your Name,1983
Patrick Simmons,So Wrong,1983
Thomas Dolby,She Blinded Me with Science,1983
Robert Ellis Orrall and Carlene Carter,I Couldn't Say No,1983
Naked Eyes,(There's) Always Something There to Remind Me,1983
Jim Capaldi,That's Love,1983
Ebn Ozn,AEIOU Sometimes Y,1983
Eddy Grant,Electric Avenue,1983
Kajagoogoo,Too Shy,1983
Madness,Our House,1983
Martin Briley,The Salt in My Tears,1983
Charlie,It's Inevitable,1983
Taco,Puttin' On the Ritz,1983
Men Without Hats,The Safety Dance,1983
Frank Stallone,Far From Over,1983
Spandau Ballet,True,1983
Klique,Stop Doggin' Me Around,1983
Fiction Factory,(Feels Like) Heaven,1983
Agnetha Fältskog,Can't Shake Loose,1983
JoBoxers,Just Got Lucky,1983
Big Country,In a Big Country,1983
Peter Schilling,Major Tom (Coming Home),1983
Matthew Wilder,Break My Stride,1984
Jump 'n the Saddle Band,The Curly Shuffle,1984
Deborah Allen,Baby I Lied,1984
Rockwell,Somebody's Watching Me,1984
Shannon,Let the Music Play,1984
Nena,99 Luftballons,1984
Re-Flex,The Politics of Dancing,1984
Tracey Ullman,They Don't Know,1984
Laid Back,White Horse,1984
Talk Talk,It's My Life,1984
Nik Kershaw,Wouldn't It Be Good,1984
The Style Council,My Ever Changing Moods,1984
The Icicle Works,Birds Fly (Whisper to a Scream),1984
Van Stephenson,Modern Day Delilah,1984
Mike Reno,Almost Paradise,1984
Face to Face,10-9-8,1984
Ollie & Jerry,Breakin'... There's No Stopping Us,1984
Scandal,The Warrior,1984
Twisted Sister,We're Not Gonna Take It,1984
John Waite,Missing You,1984
Maria Vidal,Body Rock,1984
Romeo Void,A Girl in Trouble (Is a Temporary Thing),1984
Dennis DeYoung,Desert Moon,1984
Jennifer Rush,The Power of Love,1984
Sam Harris,Sugar Don't Bite,1984
Tommy Shaw,Girls with Guns,1984
Rebbie Jackson,Centipede,1984
Jack Wagner,All I Need,1985
Animotion,Obsession,1985
Philip Bailey,Easy Lover,1985
Giuffria,Call to the Heart,1985
Midnight Star,Operator,1985
John Hunter,Tragedy,1985
General Public,Tenderness,1985
Murray Head,One Night in Bangkok,1985
Frankie Goes to Hollywood,Relax,1985
Autograph,Turn Up the Radio,1985
USA for Africa,We Are the World,1985
The Firm,Radioactive,1985
Robin George,Heartline,1985
Simple Minds,Don't You (Forget About Me),1985
Eddie Murphy,Party All the Time,1985
Harold Faltermeyer,Axel F,1985
Alison Moyet,Invisible,1985
Mary Jane Girls,In My House,1985
Limahl,The NeverEnding Story,1985
Graham Parker & the Shot,Wake Up (Next to You),1985
Katrina and the Waves,Walking on Sunshine,1985
John Parr,St. Elmo's Fire (Man in Motion),1985
Til Tuesday,Voices Carry,1985
Paul Hardcastle,19,1985
Cock Robin,When Your Heart is Weak,1985
Dead or Alive,You Spin Me Round (Like a Record),1985
Billy Crystal,You Look Marvelous,1985
Godley & Creme,Cry,1985
a-ha,Take on Me,1985
Arcadia,Election Day,1985
Jan Hammer,Miami Vice Theme,1985
Kate Bush,Running Up That Hill,1985
Starpoint,Object of My Desire,1985
Scritti Politti,Perfect Way,1985
Clarence Clemons,You're a Friend of Mine,1986
Ta Mara and the Seen,Everybody Dance,1986
The Dream Academy,Life in a Northern Town,1986
Baltimora,Tarzan Boy,1986
Robert Tepper,No Easy Way Out,1986
Falco,Rock Me Amadeus,1986
Opus,Live is Life,1986
Sly Fox,Let's Go All The Way,1986
Force MDs,Tender Love,1986
Honeymoon Suite,Feel It Again,1986
The Outfield,Your Love,1986
Nu Shooz,I Can't Wait,1986
Boys Don't Cry,I Wanna Be a Cowboy,1986
Models,"Out of Mind, Out of Sight",1986
The Fabulous Thunderbirds,Tuff Enuff,1986
Stacey Q,Two of Hearts,1986
GTR,When the Heart Rules the Mind,1986
The Blow Monkeys,Digging Your Scene,1986
Device,Hanging on a Heart Attack,1986
Jermaine Stewart,We Don't Have to Take Our Clothes Off,1986
Timex Social Club,Rumors,1986
Gavin Christopher,One Step Closer to You,1986
Regina,Baby Love,1986
Berlin,Take My Breath Away,1986
Double,Captain of Her Heart,1986
Gloria Loring,Friends and Lovers,1986
Don Johnson,Heartbeat,1986
"Oran ""Juice"" Jones",The Rain,1986
Ric Ocasek,Emotion in Motion,1986
David & David,Welcome to the Boomtown,1986
Timbuk 3,"The Future's So Bright, I Gotta Wear Shades",1986
Nancy Martinez,For Tonight,1986
Robbie Nevil,C'est La Vie,1987
Gregory Abbott,Shake You Down,1987
Billy Vera,At This Moment,1987
Benjamin Orr,Stay The Night,1987
The Georgia Satellites,Keep Your Hands to Yourself,1987
Chico DeBarge,Talk to Me,1987
Jeff Lorber ft. Karyn White,Facts of Love,1987
Bruce Willis,Respect Yourself,1987
Cutting Crew,(I Just) Died in Your Arms,1987
The Communards,Don't Leave Me This Way,1987
Club Nouveau,Lean on Me,1987
XTC,Dear God,1987
Hipsway,The Honeythief,1987
Robert Cray Band,Smoking Gun,1987
World Party,Ship of Fools,1987
Donna Allen,Serious,1987
Chris de Burgh,The Lady in Red,1987
The Psychedelic Furs,Heartbreak Beat,1987
Breakfast Club,Right on Track,1987
Company B,Fascinated,1987
Paul Lekakis,Boom Boom (Let's Go Back to My Room),1987
The System,Don't Disturb This Groove,1987
Pseudo Echo,Funkytown,1987
The Nylons,Kiss Him Goodbye,1987
Yello,Oh Yeah,1987
T'Pau,Heart and Soul,1987
Living in a Box,Living in a Box,1987
Danny Wilson,Mary's Prayer,1987
Pretty Poison,Catch Me (I'm Falling),1987
The Other Ones,Holiday,1987
LeVert,Casanova,1987
Timothy B. Schmit,Boys Night Out,1987
Wa Wa Nee,Sugar Free,1987
Swing Out Sister,Breakout,1987
Bill Medley and Jennifer Warnes,(I've Had) The Time of My Life,1987
Bourgeois Tagg,I Don't Mind At All,1987
Kane Gang,Motortown,1987
Stryper,Honestly,1988
Buster Poindexter,Hot Hot Hot,1988
MARRS,Pump Up The Volume,1988
Patrick Swayze,She's Like the Wind,1988
Scarlett & Black,You Don't Know,1988
Morris Day,Fishnet,1988
Bryan Ferry,Kiss and Tell,1988
Dan Reed Network,Ritual,1988
Suave,My Girl,1988
Johnny Hates Jazz,Shattered Dreams,1988
The Deele,Two Occasions,1988
Times Two,Strange but True,1988
E.U.,Da' Butt,1988
Brenda K. Starr,I Still Believe,1988
Bardeux,When We Kiss,1988
Brenda Russell,Piano in the Dark,1988
The Church,Under the Milky Way,1988
J.J. Fad,Supersonic,1988
Midnight Oil,Beds Are Burning,1988
Ziggy Marley and The Melody Makers,Tomorrow People,1988
Al B. Sure!,Nite and Day,1988
Jane Wiedlin,Rush Hour,1988
Climie Fisher,Love Changes (Everything),1988
Johnny Kemp,Just Got Paid,1988
Denise Lopez,Sayin' Sorry (Don't Make It Right),1988
Bobby McFerrin,"Don't Worry, Be Happy",1988
Information Society,What's On Your Mind (Pure Energy),1988
Rob Base & DJ E-Z Rock,It Takes Two,1988
Giant Steps,Another Lover,1988
Vixen,Edge of a Broken Heart,1988
Will to Power,"Baby, I Love Your Way/Freebird Medley",1988
When in Rome,The Promise,1988
Ivan Neville,Not Just Another Girl,1988
Judson Spence,"Yeah, Yeah, Yeah",1988
Boy Meets Girl,Waiting for a Star to Fall,1988
Boys Club,I Remember Holding You,1989
Sheriff,When I'm with You,1989
Edie Brickell & New Bohemians,What I Am,1989
Kon Kan,I Beg Your Pardon (I Never Promised You a Rose Garden),1989
Michael Damian,Rock On,1989
Was (Not Was),Walk the Dinosaur,1989
Sa-Fire,Thinking of You,1989
The Belle Stars,Iko Iko,1989
One 2 Many,Downtown,1989
Jimmy Harnen with Synch,Where Are You Now?,1989
Roachford,Cuddly Toy,1989
Waterfront,Cry,1989
Neneh Cherry,Buffalo Stance,1989
Martika,Toy Soldiers,1989
Love and Rockets,So Alive,1989
Jeff Healey,Angel Eyes,1989
Grayson Hugh,Talk It Over,1989
Young MC,Bust a Move,1989
Sybil,Don't Make Me Over,1989
Kix,Don't Close Your Eyes,1989
Jive Bunny & The Mastermixers,Swing the Mood,1990
Shana,I Want You,1990
Technotronic,Pump Up the Jam,1990
Biz Markie,Just a Friend,1990
D Mob ft. Cathy Dennis,C'mon and Get My Love,1990
Alannah Myles,Black Velvet,1990
Michael Penn,No Myth,1990
The Brat Pack,You're the Only Woman,1990
Jane Child,Don't Wanna Fall in Love,1990
The U-Krew,If U Were Mine,1990
Sinead O'Connor,Nothing Compares 2 U,1990
A'Me Lorain,Whole Wide World,1990
Calloway,I Wanna Be Rich,1990
Faster Pussycat,House of Pain,1990
Electronic,Getting Away With It,1990
Perfect Gentlemen,Ooh La La (I Can't Get Over You),1990
Digital Underground,The Humpty Dance,1990
Partners in Kryme,Turtle Power!,1990
Giant,I'll See You in My Dreams,1990
Whistle,Always and Forever,1990
Brent Bourgeois,Dare to Fall in Love,1990
L.A. Guns,The Ballad of Jayne,1990
Louie Louie,Sittin' in the Lap of Luxury,1990
Mellow Man Ace,Mentirosa,1990
George Lamond,Bad of the Heart,1990
The Lightning Seeds,Pure,1990
Tyler Collins,Girls Nite Out,1990
Brother Beyond,The Girl I Used to Know,1990
Kyper,Tic-Tac-Toe,1990
Faith No More,Epic,1990
Indecent Obsession,Tell Me Something,1990
The Adventures of Stevie V,Dirty Cash (Money Talks),1990
Vanilla Ice,Ice Ice Baby,1990
Candyman,Knockin' Boots,1990
Concrete Blonde,Joey,1990
Deee-Lite,Groove Is in the Heart,1990
Soho,Hippychick,1990
2 in a Room,Wiggle It,1990
DNA,Tom's Diner,1990
Urban Dance Squad,Deeper Shade of Soul,1991
Chris Isaak,Wicked Game,1991
Timmy T,One More Try,1991
Oleta Adams,Get Here,1991
Susanna Hoffs,My Side of the Bed,1991
Lisette Melendez,Together Forever,1991
Londonbeat,I've Been Thinking About You,1991
Gerardo,Rico Suave,1991
Bingoboys ft. Princessa,How to Dance,1991
Harriet,Temple of Love,1991
Keedy,Save Some Love,1991
Monie Love,It's a Shame (My Sister),1991
Divinyls,I Touch Myself,1991
The Triplets,You Don't Have to Go Home Tonight,1991
Riff,My Heart Is Failing Me,1991
LaTour,People Are Still Having Sex,1991
Queensrÿche,Silent Lucidity,1991
The Rude Boys,Written All Over Your Face,1991
Kane Roberts,Does Anybody Really Fall in Love Anymore?,1991
Lisa Fischer,How Can I Ease the Pain,1991
Marc Cohn,Walking in Memphis,1991
Steelheart,I'll Never Let You Go (Angel Eyes),1991
Yo-Yo,You Can't Play with My Yo-Yo,1991
David A. Stewart ft. Candy Dulfer,Lily Was Here,1991
Keith Washington,Kissing You,1991
EMF,Unbelievable,1991
The La's,There She Goes,1991
Corina,Temptation,1991
Desmond Child,Love on a Rooftop,1991
3rd Bass,Pop Goes the Weasel,1991
Jomanda,Got a Love for You,1991
TAMI Show,The Truth,1991
Tim Dog,Fuck Compton,1991
Siouxsie and the Banshees,Kiss Them for Me,1991
Billy Falcon,Power Windows,1991
Chesney Hawkes,The One and Only,1991
Tony Terry,With You,1991
Big Audio Dynamite II,Rush,1991
Curtis Stigers,I Wonder Why,1991
Angelica,Angel Baby,1992
The Party,In My Dreams,1992
The Storm,I've Got a Lot to Learn About Love,1992
Kym Sims,Too Blind to See It,1992
Right Said Fred,I'm Too Sexy,1992
A Lighter Shade of Brown,On a Sunday Afternoon,1992
The Shamen,Move Any Mountain (Progen 91),1992
RTZ,Until Your Love Comes Back Around,1992
MC Brains,Oochie Coochie,1992
Kris Kross,Jump,1992
Kathy Troccoli,Everything Changes,1992
Chris Walker,Take Time,1992
Cause and Effect,You Think You Know Her,1992
Joe Public,Live and Learn,1992
Lidell Townsell,Nu Nu,1992
Sir Mix-A-Lot,Baby Got Back,1992
Billy Ray Cyrus,Achy Breaky Heart,1992
Rozalla,Everybody's Free (To Feel Good),1992
Tom Cochrane,Life Is a Highway,1992
Shakespears Sister,Stay,1992
The Soup Dragons,Divine Thing,1992
House of Pain,Jump Around,1992
k.d lang,Constant Craving,1992
K.W.S.,Please Don't Go,1992
Charles & Eddie,Would I Lie To You?,1992
The Heights,How Do You Talk to an Angel,1992
Trey Lorenz,Someone to Hold,1992
Saigon Kick,Love Is On the Way,1992
Wreckx-n-Effect,Rump Shaker,1992
Mad Cobra,Flex,1993
N2Deep,Back to the Hotel,1993
Dan Baird,I Love You Period,1993
The S.O.U.L. S.Y.S.T.E.M. ft. Michelle Visage,It's Gonna Be a Lovely Day,1993
Lo-Key?,I Got a Thang 4 Ya!,1993
Portrait,Here We Go Again!,1993
Boy Krazy,That's What Love Can Do,1993
Digable Planets,Rebirth of Slick (Cool Like Dat),1993
Snow,Informer,1993
Positive K,I Got a Man,1993
Spin Doctors,Two Princes,1993
Paperboy,Ditty,1993
Sunscreem,Love U More,1993
Joey Lawrence,Nothin' My Love Can't Fix,1993
Tasmin Archer,Sleeping Satellite,1993
Robin S.,Show Me Love,1993
Green Jellÿ,Three Little Pigs,1993
Captain Hollywood Project,More and More,1993
Duice,Dazzey Duks,1993
Tag Team,Whoomp! (There It Is),1993
U.N.V.,Something's Goin' On,1993
95 South,"Whoot, There It Is",1993
4 Non Blondes,What's Up?,1993
The Proclaimers,I'm Gonna Be (500 Miles),1993
Onyx,Slam,1993
Soul Asylum,Runaway Train,1993
Cypress Hill,Insane in the Brain,1993
Haddaway,What Is Love,1993
Blind Melon,No Rain,1993
Intro,Come Inside,1993
DRS,Gangsta Lean,1993
K7,Come Baby Come,1993
Culture Beat,Mr. Vain,1994
Gabrielle,Dreams,1994
The Breeders,Cannonball,1994
Us3,Cantaloop (Flip Fantasia),1994
Eternal,Stay,1994
Crash Test Dummies,Mmm Mmm Mmm Mmm,1994
12 Gauge,Dunkie Butt,1994
Beck,Loser,1994
Big Mountain,"Baby, I Love Your Way",1994
Ahmad,Back in the Day,1994
Lisa Loeb,Stay (I Missed You),1994
The Puppies,Funky Y-2-C,1994
The Lady of Rage,Afro Puffs,1994
Meshell Ndegeocello,Wild Night,1994
Candlebox,Far Behind,1994
Lucas,Lucas with the Lid Off,1994
Ini Kamoze,Here Comes the Hotstepper,1994
20 Fingers ft. Gillette,Short Dick Man,1995
Deadeye Dick,New Age Girl,1995
Corona,The Rhythm of the Night,1995
4 P.M.,Sukiyaki,1995
Des'ree,You Gotta Be,1995
Subway,This Lil' Game We Play,1995
Jamie Walters,Hold On,1995
Dionne Farris,I Know,1995
Adina Howard,Freak like Me,1995
Martin Page,In the House of Stone and Light,1995
Rednex,Cotton Eye Joe,1995
Nicki French,Total Eclipse of the Heart,1995
Better Than Ezra,Good,1995
MoKenStef,He's Mine,1995
Skee-Lo,I Wish,1995
Luniz ft. Michael Marshall,I Got 5 on It,1995
Silverchair,Tomorrow,1995
The Rembrandts,I'll Be There For You,1995
Del Amitri,Roll to Me,1995
Groove Theory,Tell Me,1995
Take That,Back for Good,1995
Edwyn Collins,A Girl Like You,1995
Toadies,Possum Kingdom,1995
Deep Blue Something,Breakfast at Tiffany's,1996
Joan Osborne,One of Us,1996
The Folk Implosion,Natural One,1996
Everything but the Girl,Missing,1996
Seven Mary Three,Cumbersome,1996
Oasis,Wonderwall,1996
The Tony Rich Project,Nobody Knows,1996
Chantay Savage,I Will Survive,1996
The Nixons,Sister,1996
Nonchalant,5 O'Clock,1996
Spacehog,In the Meantime,1996
BoDeans,Closer to Free,1996
Jann Arden,Insensitive,1996
Dog's Eye View,Everything Falls Apart,1996
Jars of Clay,Flood,1996
Tracy Bonham,Mother Mother,1996
Crucial Conflict,Hay,1996
Los Del Rio,Macarena,1996
Quad City DJ's,C'mon N' Ride It (The Train),1996
Butthole Surfers,Pepper,1996
Dishwalla,Counting Blue Cars,1996
Ghost Town DJ's,My Boo,1996
Donna Lewis,I Love You Always Forever,1996
Primitive Radio Gods,Standing Outside a Broken Phone Booth with Money in My Hand,1996
Eels,Novocaine for the Soul,1996
Merril Bainbridge,Mouth,1996
Camp Lo,Luchini AKA This Is It,1997
Gina G,Ooh Aah... Just a Little Bit,1997
The Cardigans,Lovefool,1997
Tracey Lee,The Theme (It's Party Time),1997
DJ Kool,Let Me Clear My Throat,1997
Luscious Jackson,Naked Eye,1997
B-Rock and the Bizz,My Baby Daddy,1997
White Town,Your Woman,1997
Duncan Sheik,Barely Breathing,1997
Freak Nasty,Da' Dip,1997
The Wallflowers,One Headlight,1997
Hanson,MMMBop,1997
Mark Morrison,Return of the Mack,1997
The Verve Pipe,The Freshmen,1997
Bob Carlisle,Butterfly Kisses,1997
Meredith Brooks,Bitch,1997
OMC,How Bizarre,1997
Shawn Colvin,Sunny Came Home,1997
Sister Hazel,All for You,1997
Aqua,Barbie Girl,1997
The Mighty Mighty Bosstones,The Impression That I Get,1997
Somethin' for the People,My Love Is the Shhh!,1997
Chumbawamba,Tubthumping,1997
Fiona Apple,Criminal,1997
Tonic,If You Could Only See,1997
Nu Flavor,Heaven,1998
Alana Davis,32 Flavors,1998
Uncle Sam,I Don't Ever Want to See You Again,1998
Billie Myers,Kiss the Rain,1998
Ben Folds Five,Brick,1998
K.P. & Envyi,Swing My Way,1998
Jimmy Ray,Are You Jimmy Ray?,1998
Loreena McKennitt,The Mummers' Dance,1998
Lord Tariq and Peter Gunz,Deja Vu (Uptown Baby),1998
The Verve,Bitter Sweet Symphony,1998
Sylk-E. Fyne ft. Chill,Romeo and Juliet,1998
Marcy Playground,Sex and Candy,1998
Canibus,Second Round K.O.,1998
Playa,Cheers 2 U,1998
Link,Whatcha Gone Do?,1998
Nicole ft. Mocha,Make It Hot,1998
Five,When the Lights Go Out,1998
Cleopatra,Cleopatra's Theme,1998
Semisonic,Closing Time,1998
Harvey Danger,Flagpole Sitta,1998
Jennifer Paige,Crush,1998
Tatyana Ali,Daydreamin',1998
Pressha,Splackavellie,1998
TQ,Westside,1998
Natalie Imbruglia,Torn,1998
Eve 6,Inside Out,1998
Shawn Mullins,Lullaby,1999
Eagle-Eye Cherry,Save Tonight,1999
New Radicals,You Get What You Give,1999
Jesse Powell,You,1999
Joey McIntyre,Stay the Same,1999
B*Witched,C'est la Vie,1999
Baz Luhrmann,Everybody's Free (To Wear Sunscreen),1999
Vengaboys,We Like to Party!,1999
Sixpence None the Richer,Kiss Me,1999
Jordan Knight,Give It to You,1999
Lit,My Own Worst Enemy,1999
Sporty Thievz,No Pigeons,1999
Eric Benét,Spend My Life with You,1999
Citizen King,Better Days (And the Bottom Drops Out),1999
"LFO - ""Summer Girls""",1999,
Tal Bachman,She's So High,1999
Lil' Troy,Wanna Be a Baller,1999
Lou Bega,Mambo No. 5,1999
Len,Steal My Sunshine,1999
Ideal,Get Gone,1999
Kevon Edmonds,24/7,1999
Eiffel 65,Blue (Da Ba Dee),2000
The Product G&B,Maria Maria,2000
Hoku,Another Dumb Blonde,2000
Bloodhound Gang,The Bad Touch,2000
Sonique,It Feels So Good,2000
504 Boyz,Wobble Wobble,2000
Carl Thomas,I Wish,2000
Mary Mary,Shackles (Praise You),2000
Macy Gray,I Try,2000
Alice Deejay,Better Off Alone,2000
Wheatus,Teenage Dirtbag,2000
Nine Days,Absolutely (Story of a Girl),2000
SR-71,Right Now,2000
BBMak,Back Here,2000
Zombie Nation,Kernkraft 400,2000
Ruff Endz,No More,2000
soulDecision,Faded,2000
Baha Men,Who Let the Dogs Out?,2000
Profyle,Liar,2000
Samantha Mumba,Gotta Tell You,2000
Dream,He Loves U Not,2000
Debelah Morgan,Dance with Me,2001
Mikaila,So in Love with Two,2001
DJ Casper AKA Mr C The Slide Man,Cha Cha Slide,2001
Lee Ann Womack,I Hope You Dance,2001
Evan and Jaron,Crazy for This Girl,2001
Crazy Town,Butterfly,2001
Eden's Crush,Get Over Yourself,2001
ATC,Around the World (La La La La La),2001
Modjo,Lady (Hear Me Tonight),2001
Jessica Andrews,Who I Am,2001
S Club 7,Never Had a Dream Come True,2001
Sunshine Anderson,Heard It All Before,2001
City High,What Would You Do?,2001
Moby,South Side,2001
Lil Romeo,My Baby,2001
Blu Cantrell,Hit 'Em Up Style (Oops!),2001
American Hi-Fi,Flavor of the Weak,2001
Willa Ford,I Wanna Be Bad,2001
Darude,Sandstorm,2001
Afroman,Because I Got High,2001
Lee Greenwood,God Bless the U.S.A.,2001
Alien Ant Farm,Smooth Criminal,2001
The Calling,Wherever You Will Go,2002
Phantom Planet,California,2002
Tweet,Oops (Oh My),2002
Vanessa Carlton,A Thousand Miles,2002
Truth Hurts,Addictive,2002
Default,Wasting My Time,2002
Jimmy Eat World,The Middle,2002
Dirty Vegas,Days Go By,2002
Big Tymers,Still Fly,2002
Khia,"My Neck, My Back (Lick It)",2002
DJ Sammy,Heaven,2002
Angie Martinez ft. Sacario,If I Could Go!,2002
Las Ketchup,The Ketchup Song (Aserejé),2002
Smilez and Southstar,Tell Me,2003
JC Chasez,Blowin' Me Up (With Her Love),2003
t.A.T.u.,All The Things She Said,2003
Norah Jones,Don't Know Why,2003
Amanda Perez,Angel,2003
Wayne Wonder,No Letting Go,2003
Bone Crusher,Never Scared,2003
Lumidee,"Never Leave You (Uh Oooh, Uh Oooh)",2003
Junior Senior,Move Your Feet,2003
The Ataris,The Boys of Summer,2003
YoungBloodZ,Damn!,2003
Trapt,Headstrong,2003
Fountains of Wayne,Stacy's Mom,2003
Fefe Dobson,Take Me Away,2003
Stacie Orrico,(There's Gotta Be) More To Life,2003
Nick Cannon,Gigolo,2004
Eamon,Fuck It (I Don't Want You Back),2004
The Darkness,I Believe in a Thing Called Love,2004
J-Kwon,Tipsy,2004
Mario Winans,I Don't Wanna Know,2004
Jet,Are You Gonna Be My Girl,2004
Hoobastank,The Reason,2004
Yellowcard,Ocean Avenue,2004
Diana DeGarmo,Dreams,2004
Nina Sky,Move Ya Body,2004
Kevin Lyttle,Turn Me On,2004
Houston,I Like That,2004
Terror Squad,Lean Back,2004
Los Lonely Boys,Heaven,2004
O-Zone,Dragostea Din Tei,2004
Modest Mouse,Float On,2004
Franz Ferdinand,Take Me Out,2004
Ryan Cabrera,On the Way Down,2004
Bowling for Soup,1985,2004
Rupee,Tempted to Touch,2004
Trillville,Some Cut,2005
Caesars,Jerk It Out,2005
Amerie,1 Thing,2005
Brooke Valentine,Girlfight,2005
Howie Day,Collide,2005
Bo Bice,Inside Your Heaven,2005
Natalie,Goin' Crazy,2005
D.H.T.,Listen to Your Heart,2005
The Click Five,Just the Girl,2005
Crazy Frog,Axel F,2005
D4L,Laffy Taffy,2006
James Blunt,You're Beautiful,2006
Daniel Powter,Bad Day,2006
Nick Lachey,What's Left of Me,2006
Teddy Geiger,For You I Will (Confidence),2006
Chamillionaire,Ridin',2006
Fort Minor ft. Holly Brook,Where'd You Go,2006
Taylor Hicks,Do I Make You Proud,2006
Paris Hilton,Stars Are Blind,2006
Gnarls Barkley,Crazy,2006
Cassie,Me & U,2006
Young Dro,Shoulder Lean,2006
Brooke Hogan,About Us,2006
Cherish ft. Sean P,Do It to It,2006
The Pack,Vans,2006
Corinne Bailey Rae,Put Your Records On,2006
Peter Bjorn and John,Young Folks,2006
Hinder,Lips of an Angel,2006
Snow Patrol,Chasing Cars,2006
Jibbs,Chain Hang Low,2006
DJ Webstar and Young B.,Chicken Noodle Soup,2006
Corbin Bleu,Push It to the Limit,2007
Hellogoodbye,Here (In Your Arms),2007
Augustana,Boston,2007
Mims,This Is Why I'm Hot,2007
Rich Boy,Throw Some D's,2007
The Red Jumpsuit Apparatus,Face Down,2007
Huey,"Pop, Lock & Drop It",2007
Shop Boyz,Party Like a Rockstar,2007
Plain White T's,Hey There Delilah,2007
Hurricane Chris,A Bay Bay,2007
Cupid,Cupid Shuffle,2007
Elliott Yamin,Wait For You,2007
Kat DeLuna,Whine Up,2007
J. Holiday,Bed,2007
Feist,1234,2007
Playaz Circle,Duffle Bag Boy,2007
Yael Naim,New Soul,2008
Metro Station,Shake It,2008
Flobots,Handlebars,2008
Estelle,American Boy,2008
Saving Abel,Addicted,2008
The Veronicas,Untouched,2009
GS Boyz,Stanky Legg,2009
Asher Roth,I Love College,2009
The Ting Tings,That's Not My Name,2009
Michael Franti & Spearhead,Say Hey (I Love You),2009
Iyaz,Replay,2010
Yolanda Be Cool and DCUP,We No Speak Americano,2010
Orianthi,According To You,2010
Spose,I'm Awesome,2010
La Roux,Bulletproof,2010
Travie McCoy,Billionaire,2010
Jaron and the Long Road to Love,Pray for You,2010
Duck Sauce,Barbra Streisand,2010
Cali Swag District,Teach Me How to Dougie,2010
Freshlyground,Waka Waka (This Time for Africa),2010
Far East Movement ft. The Cataracs and Dev,Like a G6,2010
The Ready Set,Love Like Woe,2010
Hot Chelle Rae,Tonight Tonight,2011
Foster the People,Pumped Up Kicks,2011
Alexandra Stan,Mr. Saxobeat,2011
Edward Maya and Vika Jigulina,Stereo Love,2011
Kirko Bangz,Drank in My Cup,2011
YC,Racks,2011
Kreayshawn,Gucci Gucci,2011
Rebecca Black,Friday,2011
Karmin,Brokenhearted,2012
Grouplove,Tongue Tied,2012
Gotye ft. Kimbra,Somebody That I Used to Know,2012
"Carly Rae Jepsen - ""Call Me Maybe""",2012,
The Lumineers,Ho Hey,2012
Ca$h Out,Cashin' Out,2012
Alex Clare,Too Close,2012
Zach Sobiech,Clouds,2012
Trinidad James,All Gold Everything,2013
Of Monsters and Men,Little Talks,2013
The Finatticz,Don't Drop That Thun Thun,2013
Icona Pop,I Love It,2013
Baauer,Harlem Shake,2013
Awolnation,Sail,2013
MKTO,Classic,2013
The Neighbourhood,Sweater Weather,2013
Capital Cities,Safe and Sound,2013
Foxes,Clarity,2013
Ylvis,The Fox (What Does the Fox Say?),2013
A Great Big World,Say Something,2013
Vance Joy,Riptide,2013
O.T. Genasis,CoCo,2014
OG Maco,U Guessed It,2014
Bobby Shmurda,Hot Nigga,2014
Passenger,Let Her Go,2014
Disclosure,Latch,2014
American Authors,Best Day of My Life,2014
Elle King,Ex's & Oh's,2014
Nico & Vinz,Am I Wrong,2014
Magic!,Rude,2014
Mr. Probz,Waves (Robin Schulz Remix),2014
ILoveMakonnen,Tuesday,2014
Milky Chance,Stolen Dance,2014
Lilly Wood and the Prick,Prayer In C (Robin Schulz Remix),2014
Lukas Graham,7 Years,2015
T-Wayne,Nasty Freestyle,2015
Jidenna ft. Roman GianArthur,Classic Man,2015
Walk the Moon,Shut Up and Dance,2015
George Ezra,Budapest,2015
Rachel Platten,Fight Song,2015
OMI,Cheerleader (Felix Jaehn remix),2015
Silentó,Watch Me (Whip/Nae Nae),2015
Kungs vs. Cookin' on 3 Burners,This Girl,2016
Kent Jones,Don't Mind,2016
DNCE,Cake By The Ocean,2016
Desiigner,Panda,2016
Rob Stone,Chill Bill,2016
Kyle,iSpy,2016
Zay Hilfigerrr & Zayion McCall,Juju on That Beat,2016
Young M.A,OOOUUU,2016
Luis Fonsi,Despacito,2017
Ayo & Teo,Rolex,2017
Portugal. The Man,Feel It Still,2017
NF,Let You Down,2017
Blueface,Thotiana,2018
Pinkfong,Baby Shark,2019
Arizona Zervas,Roxanne,2019
